{
  "Year": {
    "mean": 2019.09375,
    "std": 3.2859365532916067
  },
  "Issue": {
    "mean": 3.5384615384615383,
    "std": 1.5063966175050874
  },
  "Art. No.": {
    "mean": 7471958.333333333,
    "std": 3124613.683557932
  },
  "Page start": {
    "mean": 548.9615384615385,
    "std": 741.9752276602896
  },
  "Page end": {
    "mean": 586.5769230769231,
    "std": 734.0784248608277
  },
  "Page count": {
    "mean": 1030.0,
    "std": 862.670273047588
  }
}